"ID","직업명","계열","티어","주력 스탯","패시브","효과","설명","해금 유형","해금 조건","HP","MP","공격","방어","스킬"
"warrior","전사","basic","0","균형","방패의 집중","1턴 기절. 방어할 때 MP를 모아 빈틈을 찌른다.","1턴 기절. 방어할 때 MP를 모아 빈틈을 찌른다.","일반","","56","9","9","3","방패 강타"
"rogue","도적","basic","0","균형","급소의 눈","3턴 중독. 기본 치명타 확률 25%.","3턴 중독. 기본 치명타 확률 25%.","일반","","46","11","11","1","맹독 칼날"
"mage","마도사","basic","0","균형","방어를 넘는 불씨","방어 무시 마법과 2턴 화상.","방어 무시 마법과 2턴 화상.","일반","","42","15","12","0","잿불 폭발"
"paladin","성기사","hidden","Hidden","균형","공격과 동시에 최대 HP 15% 회복.","공격과 동시에 최대 HP 15% 회복.","공격과 동시에 최대 HP 15% 회복.","히든","자비 3 · 지역 보스 1명","64","12","10","4","여명의 심판"
"blood","혈기사","hidden","Hidden","균형","강한 일격과 흡혈. 잃은 체력에 비례해 공격 증가.","강한 일격과 흡혈. 잃은 체력에 비례해 공격 증가.","강한 일격과 흡혈. 잃은 체력에 비례해 공격 증가.","히든","전투 중 HP 30% 이하 경험 후 승리 2회 · 처치 10","68","10","13","1","붉은 계약"
"rune","룬검사","hidden","Hidden","균형","방어 무시 일격. 적을 약화하고 다음 피해 감소.","방어 무시 일격. 적을 약화하고 다음 피해 감소.","방어 무시 일격. 적을 약화하고 다음 피해 감소.","히든","장착 무기 +3 · 물약 제작 3회","54","16","12","2","룬의 연쇄"
"shadow","그림자 군주","hidden","Hidden","균형","체력 35% 이하 적에게 큰 피해. 기본 회피 12%.","체력 35% 이하 적에게 큰 피해. 기본 회피 12%.","체력 35% 이하 적에게 큰 피해. 기본 회피 12%.","히든","정예 처치 3 · 전체 처치 15","48","13","14","1","밤의 처형"
"gambler","운명의 도박사","hidden","Hidden","균형","0.8~3.5배 공격. 기본 행운 +5%.","0.8~3.5배 공격. 기본 행운 +5%.","0.8~3.5배 공격. 기본 행운 +5%.","히든","보급함 4 · 희귀 이상 장비 획득 2","50","13","11","2","운명의 주사위"
"chrono","시간술사","hidden","Hidden","균형","1턴 기절과 마법 공격. MP 여유가 큰 직업.","1턴 기절과 마법 공격. MP 여유가 큰 직업.","1턴 기절과 마법 공격. MP 여유가 큰 직업.","히든","지역 보스 4명 · 비밀 방 발견 2","48","18","13","1","멈춰 버린 순간"
"rabbit_guard","토끼굴 문지기","melee","1","체력","문턱의 집중","방어 시 MP를 1 더 회복한다.","방어 시 MP를 1 더 회복한다.","일반","","58","11","10","3","서사의 절단"
"pequod","피쿼드호 갑판검사","melee","1","힘","갑판의 보폭","일반 적에게 주는 피해 +20%.","일반 적에게 주는 피해 +20%.","일반","","48","11","12","2","서사의 절단"
"windmill","풍차의 결투자","melee","1","의지","거인을 향한 일격","방어 후 다음 공격 피해 +35%.","방어 후 다음 공격 피해 +35%.","일반","","48","14","10","2","서사의 절단"
"stitch","봉합된 검투사","melee","1","체력","다시 잇는 살","승리 시 최대 HP의 8% 회복.","승리 시 최대 HP의 8% 회복.","일반","","58","11","10","3","서사의 절단"
"card_spear","찢긴 카드 창병","melee","1","민첩","접힌 틈","기본 회피 확률 +8%.","기본 회피 확률 +8%.","일반","","48","11","10","2","서사의 절단"
"sancho","산초의 방패지기","melee","1","체력","현실의 위안","방어 시 최대 HP의 4% 회복.","방어 시 최대 HP의 4% 회복.","일반","","58","11","10","3","서사의 절단"
"coffin","빈 관의 파수꾼","melee","1","힘","문상객의 가시","적의 공격을 받으면 피해 3 반사.","적의 공격을 받으면 피해 3 반사.","일반","","48","11","12","2","서사의 절단"
"mirror_fist","거울 복도의 권투사","melee","1","민첩","첫 균열","전투 첫 공격 피해 +30%.","전투 첫 공격 피해 +30%.","일반","","48","11","10","2","서사의 절단"
"ahab_harpoon","광기에 찬 포경선 작살잡이","melee","2","힘","백경의 표식","보스에게 주는 피해 +18%.","보스에게 주는 피해 +18%.","일반","","48","11","12","2","서사의 절단"
"fallen_dreamer","기사도를 잃은 몽상가","melee","2","의지","꺾이지 않는 허상","HP 40% 이하에서 공격 피해 +30%.","HP 40% 이하에서 공격 피해 +30%.","일반","","48","14","10","2","서사의 절단"
"queen_exec","하트 법정의 참수인","melee","2","힘","끝나지 않은 판결","HP 30% 이하 적에게 피해 +30%.","HP 30% 이하 적에게 피해 +30%.","일반","","48","11","12","2","서사의 절단"
"adam_sword","피조물의 자유검사","melee","2","체력","빌린 피의 순환","가한 피해의 8% 흡혈.","가한 피해의 8% 흡혈.","일반","","58","11","10","3","서사의 절단"
"twin_duel","지킬의 이중 결투자","melee","2","민첩","두 번째 인격","세 번째 공격마다 피해 +40%.","세 번째 공격마다 피해 +40%.","일반","","48","11","10","2","서사의 절단"
"white_knight","백기사의 균형검","melee","2","의지","결함 있는 발명","스킬 MP 소모 1 감소.","스킬 MP 소모 1 감소.","일반","","48","14","10","2","서사의 절단"
"grave_hunter","성당 지하의 사냥꾼","melee","2","민첩","고위 괴물 추적","정예 적에게 주는 피해 +25%.","정예 적에게 주는 피해 +25%.","일반","","48","11","10","2","서사의 절단"
"pagebreaker","끝장을 찢는 검성","melee","3","힘","제본 파괴","일반 공격이 적 방어력 4를 무시.","일반 공격이 적 방어력 4를 무시.","일반","","48","11","12","2","서사의 절단"
"abyss_anchor","심연을 고정하는 닻기사","melee","3","체력","심해 호흡","물약 회복량이 최대 HP의 15%만큼 증가.","물약 회복량이 최대 HP의 15%만큼 증가.","일반","","58","11","10","3","서사의 절단"
"clock_reaver","멈춘 시계의 결투왕","melee","3","민첩","한순간의 우위","기본 치명타 확률 +15%.","기본 치명타 확률 +15%.","일반","","48","11","10","2","서사의 절단"
"thorn_crown","가시 왕관의 반역자","melee","3","의지","반역의 불씨","스킬 사용 시 3턴 동안 지속 피해 5 부여.","스킬 사용 시 3턴 동안 지속 피해 5 부여.","일반","","48","14","10","2","서사의 절단"
"last_margin","마지막 여백의 용병왕","melee","3","힘","기록되지 않은 전리품","전투 골드 보상 +25%.","전투 골드 보상 +25%.","일반","","48","11","12","2","서사의 절단"
"x_magic_0","잉크 견습생","magic","1","지력","여백의 지혜 · 잉크 견습생","방어 MP +1 · 승리 시 HP 4% 회복","지워진 문장에 불씨를 붙여 주문을 익힌다.","일반","","44","17","11","1","금서의 개방"
"x_magic_1","오즈의 허수아비 학자","magic","1","지력","여백의 지혜 · 오즈의 허수아비 학자","일반 적 피해 +15% · 회피 +4.8%","없는 지혜를 찾다가 적의 빈틈을 읽게 됐다.","일반","","44","17","11","1","금서의 개방"
"x_magic_2","네버랜드 별읽기","magic","1","지력","여백의 지혜 · 네버랜드 별읽기","방어 후 피해 +25% · 방어 시 HP 2% 회복","섬 위의 별자리로 돌아갈 길을 그린다.","일반","","44","17","11","1","금서의 개방"
"x_magic_3","우물의 이름술사","magic","1","지력","여백의 지혜 · 우물의 이름술사","승리 시 HP 5% 회복 · 피격 피해 3 반사","물속에서 잊힌 이름을 건져 올린다.","일반","","44","17","11","1","금서의 개방"
"x_magic_4","해저 전류술사","magic","1","지력","여백의 지혜 · 해저 전류술사","회피 +6% · 첫 공격 피해 +16%","바다 없는 해저 전선을 손끝에 잇는다.","일반","","44","17","11","1","금서의 개방"
"x_magic_5","장미 정원의 환술사","magic","1","지력","여백의 지혜 · 장미 정원의 환술사","방어 시 HP 2.5% 회복 · 보스 피해 +9.6%","장미의 그림자로 적의 시선을 붙잡는다.","일반","","44","17","11","1","금서의 개방"
"x_magic_6","녹색 안경의 주술사","magic","1","지력","여백의 지혜 · 녹색 안경의 주술사","피격 피해 2 반사 · HP 40% 이하 피해 +16%","녹색 렌즈 너머 허위의 마법을 분해한다.","일반","","44","17","11","1","금서의 개방"
"x_magic_7","번개 실험실의 도전술사","magic","2","지력","여백의 지혜 · 번개 실험실의 도전술사","첫 공격 피해 +20% · 적 HP 30% 이하 피해 +16%","번개의 기억을 유리병에 담는다.","일반","","44","17","11","1","금서의 개방"
"x_magic_8","프랑켄슈타인의 생체술사","magic","2","지력","여백의 지혜 · 프랑켄슈타인의 생체술사","보스 피해 +12% · 흡혈 +4%","생명의 경계를 칼 대신 주문으로 잇는다.","일반","","44","17","11","1","금서의 개방"
"x_magic_9","그림 동화의 잠술사","magic","2","지력","여백의 지혜 · 그림 동화의 잠술사","HP 40% 이하 피해 +20% · 스킬 MP 소모 −2","잠든 숲에 남은 꿈을 빌려 싸운다.","일반","","44","17","11","1","금서의 개방"
"x_magic_10","거울 뒷면의 연금술사","magic","2","지력","여백의 지혜 · 거울 뒷면의 연금술사","적 HP 30% 이하 피해 +20% · 정예 피해 +14.4%","반영과 실체 사이에서 재료를 교환한다.","일반","","44","17","11","1","금서의 개방"
"x_magic_11","빅토리아의 안개술사","magic","2","지력","여백의 지혜 · 빅토리아의 안개술사","흡혈 +5% · 일반 공격 방어 4 무시","도시의 안개에 짧은 금지 명령을 새긴다.","일반","","44","17","11","1","금서의 개방"
"x_magic_12","노틸러스의 폭풍학자","magic","2","지력","여백의 지혜 · 노틸러스의 폭풍학자","스킬 MP 소모 −1 · 물약 회복 HP +8%","심해의 전류를 지상으로 끌어올린다.","일반","","44","17","11","1","금서의 개방"
"x_magic_13","오즈의 가짜 대마법사","magic","3","지력","여백의 지혜 · 오즈의 가짜 대마법사","정예 피해 +18% · 치명타 +8%","권위의 허상을 벗고 진짜 책임을 배운다.","일반","","44","17","11","1","금서의 개방"
"x_magic_14","별을 읽는 어린 왕자","magic","3","지력","여백의 지혜 · 별을 읽는 어린 왕자","일반 공격 방어 3 무시 · 전투 골드 +12%","떠난 행성들의 좌표를 작은 빛으로 남긴다.","일반","","44","17","11","1","금서의 개방"
"x_magic_15","시간 기계의 역행술사","magic","3","지력","여백의 지혜 · 시간 기계의 역행술사","물약 회복 HP +10% · 방어 MP +2","미래의 파편에서 지금의 공격을 읽는다.","일반","","44","17","11","1","금서의 개방"
"x_magic_16","파우스트의 계약해독자","magic","Hidden","지력","여백의 지혜 · 파우스트의 계약해독자","치명타 +10% · 일반 적 피해 +12%","서명의 대가를 읽고 계약의 허점을 찢는다.","히든","보스 3 · 비밀 발견 2 · 제작 3 · victor 호감도 40 · 조우","44","17","11","1","금서의 개방"
"x_magic_17","금서의 마지막 독자","magic","Hidden","지력","여백의 지혜 · 금서의 마지막 독자","전투 골드 +15% · 방어 후 피해 +20%","먹히지 않은 마지막 문장으로 세계를 붙든다.","히든","보스 3 · 비밀 발견 2 · 제작 3 · alice 호감도 40 · 조우","44","17","11","1","금서의 개방"
"x_ranged_0","셜우드의 견습 궁수","ranged","1","민첩","흔들리지 않는 조준 · 셜우드의 견습 궁수","방어 MP +1 · 피격 피해 3 반사","숲의 길을 외운 뒤 첫 화살을 놓는다.","일반","","48","12","11","2","서사의 조준"
"x_ranged_1","피쿼드호 투창수","ranged","1","민첩","흔들리지 않는 조준 · 피쿼드호 투창수","일반 적 피해 +15% · 첫 공격 피해 +16%","밧줄을 묶은 창으로 도망치는 적을 붙든다.","일반","","48","12","11","2","서사의 조준"
"x_ranged_2","이상한 정원의 새총잡이","ranged","1","민첩","흔들리지 않는 조준 · 이상한 정원의 새총잡이","방어 후 피해 +25% · 보스 피해 +9.6%","크기가 바뀌는 돌을 같은 표적에 쏜다.","일반","","48","12","11","2","서사의 조준"
"x_ranged_3","해적섬의 화승총수","ranged","1","민첩","흔들리지 않는 조준 · 해적섬의 화승총수","승리 시 HP 5% 회복 · HP 40% 이하 피해 +16%","보물보다 돌아갈 배를 지키려 총을 든다.","일반","","48","12","11","2","서사의 조준"
"x_ranged_4","황야의 우편 저격수","ranged","1","민첩","흔들리지 않는 조준 · 황야의 우편 저격수","회피 +6% · 적 HP 30% 이하 피해 +16%","끊긴 길 너머에도 마지막 편지를 보낸다.","일반","","48","12","11","2","서사의 조준"
"x_ranged_5","종탑의 까마귀 사수","ranged","1","민첩","흔들리지 않는 조준 · 종탑의 까마귀 사수","방어 시 HP 2.5% 회복 · 흡혈 +4%","검은 깃털의 방향으로 바람을 읽는다.","일반","","48","12","11","2","서사의 조준"
"x_ranged_6","오즈의 양철 포수","ranged","1","민첩","흔들리지 않는 조준 · 오즈의 양철 포수","피격 피해 2 반사 · 스킬 MP 소모 −2","심장을 잃은 포신에 동료의 이름을 새긴다.","일반","","48","12","11","2","서사의 조준"
"x_ranged_7","붉은 머리의 표적꾼","ranged","2","민첩","흔들리지 않는 조준 · 붉은 머리의 표적꾼","첫 공격 피해 +20% · 정예 피해 +14.4%","표적의 거짓말을 작은 징후로 구분한다.","일반","","48","12","11","2","서사의 조준"
"x_ranged_8","로빈후드의 망명 궁수","ranged","2","민첩","흔들리지 않는 조준 · 로빈후드의 망명 궁수","보스 피해 +12% · 일반 공격 방어 4 무시","귀족의 문장을 버리고 숲의 사람을 지킨다.","일반","","48","12","11","2","서사의 조준"
"x_ranged_9","노틸러스의 수압포수","ranged","2","민첩","흔들리지 않는 조준 · 노틸러스의 수압포수","HP 40% 이하 피해 +20% · 물약 회복 HP +8%","심해의 압력을 한 발에 모아 발사한다.","일반","","48","12","11","2","서사의 조준"
"x_ranged_10","퀴퀘그의 문신 투창수","ranged","2","민첩","흔들리지 않는 조준 · 퀴퀘그의 문신 투창수","적 HP 30% 이하 피해 +20% · 치명타 +8%","피부의 기록을 읽으며 창의 궤적을 고른다.","일반","","48","12","11","2","서사의 조준"
"x_ranged_11","지옥 항로의 쇠뇌수","ranged","2","민첩","흔들리지 않는 조준 · 지옥 항로의 쇠뇌수","흡혈 +5% · 전투 골드 +12%","길 잃은 배의 돛대에서 악령을 겨눈다.","일반","","48","12","11","2","서사의 조준"
"x_ranged_12","하멜른의 음표 사수","ranged","2","민첩","흔들리지 않는 조준 · 하멜른의 음표 사수","스킬 MP 소모 −1 · 방어 MP +2","따라오는 음표를 화살촉에 묶는다.","일반","","48","12","11","2","서사의 조준"
"x_ranged_13","성벽의 불씨 투석수","ranged","3","민첩","흔들리지 않는 조준 · 성벽의 불씨 투석수","정예 피해 +18% · 일반 적 피해 +12%","꺼지는 도시의 불씨를 투석기로 옮긴다.","일반","","48","12","11","2","서사의 조준"
"x_ranged_14","포그의 일주 저격수","ranged","3","민첩","흔들리지 않는 조준 · 포그의 일주 저격수","일반 공격 방어 3 무시 · 방어 후 피해 +20%","정해진 시간보다 정확한 한 발을 택한다.","일반","","48","12","11","2","서사의 조준"
"x_ranged_15","백경의 망루 사냥꾼","ranged","3","민첩","흔들리지 않는 조준 · 백경의 망루 사냥꾼","물약 회복 HP +10% · 승리 시 HP 4% 회복","안개 속에서도 흰 상처를 놓치지 않는다.","일반","","48","12","11","2","서사의 조준"
"x_ranged_16","아르고호의 황금 사수","ranged","Hidden","민첩","흔들리지 않는 조준 · 아르고호의 황금 사수","치명타 +10% · 회피 +4.8%","황금 양털의 빛으로 적의 틈을 비춘다.","히든","보스 3 · 비밀 발견 2 · 정예 3 · quixote 호감도 40 · 조우","48","12","11","2","서사의 조준"
"x_ranged_17","수평선 너머의 명사수","ranged","Hidden","민첩","흔들리지 않는 조준 · 수평선 너머의 명사수","전투 골드 +15% · 방어 시 HP 2% 회복","닿을 수 없는 거리에도 선택을 보낸다.","히든","보스 3 · 비밀 발견 2 · 정예 3 · ahab 호감도 40 · 조우","48","12","11","2","서사의 조준"
"x_support_0","구빈원 붕대지기","support","1","의지","남겨 둔 온기 · 구빈원 붕대지기","방어 MP +1 · HP 40% 이하 피해 +16%","남은 천을 찢어 다음 사람의 상처를 감싼다.","일반","","54","15","9","3","불씨의 나눔"
"x_support_1","촛불 성당의 견습수도사","support","1","의지","남겨 둔 온기 · 촛불 성당의 견습수도사","일반 적 피해 +15% · 적 HP 30% 이하 피해 +16%","적의 이름까지 기도문에 적어 둔다.","일반","","54","15","9","3","불씨의 나눔"
"x_support_2","산초의 야전 취사병","support","1","의지","남겨 둔 온기 · 산초의 야전 취사병","방어 후 피해 +25% · 흡혈 +4%","몽상가가 굶지 않도록 현실을 끓인다.","일반","","54","15","9","3","불씨의 나눔"
"x_support_3","작은 아씨들의 간호사","support","1","의지","남겨 둔 온기 · 작은 아씨들의 간호사","승리 시 HP 5% 회복 · 스킬 MP 소모 −2","전장의 편지와 붕대를 같은 가방에 넣는다.","일반","","54","15","9","3","불씨의 나눔"
"x_support_4","오즈의 마음 수선공","support","1","의지","남겨 둔 온기 · 오즈의 마음 수선공","회피 +6% · 정예 피해 +14.4%","고장 난 심장에 기억의 부품을 잇는다.","일반","","54","15","9","3","불씨의 나눔"
"x_support_5","성냥의 온기지기","support","1","의지","남겨 둔 온기 · 성냥의 온기지기","방어 시 HP 2.5% 회복 · 일반 공격 방어 4 무시","꺼진 성냥의 온기를 손바닥에 모은다.","일반","","54","15","9","3","불씨의 나눔"
"x_support_6","노틸러스의 선의","support","1","의지","남겨 둔 온기 · 노틸러스의 선의","피격 피해 2 반사 · 물약 회복 HP +8%","해저의 압력에도 치료의 손을 멈추지 않는다.","일반","","54","15","9","3","불씨의 나눔"
"x_support_7","토끼굴 길안내자","support","2","의지","남겨 둔 온기 · 토끼굴 길안내자","첫 공격 피해 +20% · 치명타 +8%","돌아갈 문을 찾는 사람에게 방향을 준다.","일반","","54","15","9","3","불씨의 나눔"
"x_support_8","피조물의 상처봉합사","support","2","의지","남겨 둔 온기 · 피조물의 상처봉합사","보스 피해 +12% · 전투 골드 +12%","이름보다 먼저 상처를 살피는 치료사다.","일반","","54","15","9","3","불씨의 나눔"
"x_support_9","노트르담의 종치유사","support","2","의지","남겨 둔 온기 · 노트르담의 종치유사","HP 40% 이하 피해 +20% · 방어 MP +2","쫓겨난 사람에게 종의 울림을 나누어 준다.","일반","","54","15","9","3","불씨의 나눔"
"x_support_10","레미제라블의 은촛대지기","support","2","의지","남겨 둔 온기 · 레미제라블의 은촛대지기","적 HP 30% 이하 피해 +20% · 일반 적 피해 +12%","빌린 은을 팔아 오늘의 생명을 구한다.","일반","","54","15","9","3","불씨의 나눔"
"x_support_11","캔터베리의 순례의사","support","2","의지","남겨 둔 온기 · 캔터베리의 순례의사","흡혈 +5% · 방어 후 피해 +20%","서로 다른 믿음의 사람을 함께 치료한다.","일반","","54","15","9","3","불씨의 나눔"
"x_support_12","셜우드의 구호대장","support","2","의지","남겨 둔 온기 · 셜우드의 구호대장","스킬 MP 소모 −1 · 승리 시 HP 4% 회복","싸움 뒤에 남는 사람을 데리고 귀환한다.","일반","","54","15","9","3","불씨의 나눔"
"x_support_13","백지 연맹의 기록보호자","support","3","의지","남겨 둔 온기 · 백지 연맹의 기록보호자","정예 피해 +18% · 회피 +4.8%","지워질 사람의 기록을 몸으로 막는다.","일반","","54","15","9","3","불씨의 나눔"
"x_support_14","스쿠루지의 새벽 구호가","support","3","의지","남겨 둔 온기 · 스쿠루지의 새벽 구호가","일반 공격 방어 3 무시 · 방어 시 HP 2% 회복","늦은 후회를 살아 있는 이의 식량으로 바꾼다.","일반","","54","15","9","3","불씨의 나눔"
"x_support_15","천일야화의 생명 이야기꾼","support","3","의지","남겨 둔 온기 · 천일야화의 생명 이야기꾼","물약 회복 HP +10% · 피격 피해 3 반사","끝나지 않는 이야기를 생명의 시간으로 바꾼다.","일반","","54","15","9","3","불씨의 나눔"
"x_support_16","돌아온 성냥불의 성녀","support","Hidden","의지","남겨 둔 온기 · 돌아온 성냥불의 성녀","치명타 +10% · 첫 공격 피해 +16%","재가 된 소원을 다시 사람에게 돌려준다.","히든","보스 3 · 비밀 발견 2 · 자비 3 · alice 호감도 40 · 조우","54","15","9","3","불씨의 나눔"
"x_support_17","유리 심장의 재봉사","support","Hidden","의지","남겨 둔 온기 · 유리 심장의 재봉사","전투 골드 +15% · 보스 피해 +9.6%","깨지기 쉬운 마음을 베지 않고 꿰맨다.","히든","보스 3 · 비밀 발견 2 · 자비 3 · creature 호감도 40 · 조우","54","15","9","3","불씨의 나눔"
"x_occult_0","거울 장터의 골동품상","occult","1","행운","지워진 거래 · 거울 장터의 골동품상","방어 MP +1 · 스킬 MP 소모 −2","가치를 잃은 물건에서 새 쓸모를 찾는다.","일반","","50","13","10","2","틈새의 거래"
"x_occult_1","허클베리의 강길잡이","occult","1","행운","지워진 거래 · 허클베리의 강길잡이","일반 적 피해 +15% · 정예 피해 +14.4%","강물보다 빠르게 바뀌는 길을 기억한다.","일반","","50","13","10","2","틈새의 거래"
"x_occult_2","몽테크리스토의 장부지기","occult","1","행운","지워진 거래 · 몽테크리스토의 장부지기","방어 후 피해 +25% · 일반 공격 방어 4 무시","복수의 비용을 장부에 먼저 계산한다.","일반","","50","13","10","2","틈새의 거래"
"x_occult_3","드라큘라의 주간 문지기","occult","1","행운","지워진 거래 · 드라큘라의 주간 문지기","승리 시 HP 5% 회복 · 물약 회복 HP +8%","밤의 계약이 끝나는 문턱을 지킨다.","일반","","50","13","10","2","틈새의 거래"
"x_occult_4","걸리버의 축척기사","occult","1","행운","지워진 거래 · 걸리버의 축척기사","회피 +6% · 치명타 +8%","작은 것과 거대한 것의 거리를 바꾼다.","일반","","50","13","10","2","틈새의 거래"
"x_occult_5","도리언의 초상 관리인","occult","1","행운","지워진 거래 · 도리언의 초상 관리인","방어 시 HP 2.5% 회복 · 전투 골드 +12%","그림 대신 사람이 지불할 대가를 살핀다.","일반","","50","13","10","2","틈새의 거래"
"x_occult_6","보물섬의 암호해독자","occult","1","행운","지워진 거래 · 보물섬의 암호해독자","피격 피해 2 반사 · 방어 MP +2","보물의 위치보다 함정의 문법을 먼저 읽는다.","일반","","50","13","10","2","틈새의 거래"
"x_occult_7","시간 여행의 관측자","occult","2","행운","지워진 거래 · 시간 여행의 관측자","첫 공격 피해 +20% · 일반 적 피해 +12%","아직 오지 않은 순간을 기록한다.","일반","","50","13","10","2","틈새의 거래"
"x_occult_8","셜록의 흔적 수집가","occult","2","행운","지워진 거래 · 셜록의 흔적 수집가","보스 피해 +12% · 방어 후 피해 +20%","사소한 흔적을 하나의 공격 계획으로 잇는다.","일반","","50","13","10","2","틈새의 거래"
"x_occult_9","오디세우스의 매듭꾼","occult","2","행운","지워진 거래 · 오디세우스의 매듭꾼","HP 40% 이하 피해 +20% · 승리 시 HP 4% 회복","귀환의 실을 매듭에 숨겨 둔다.","일반","","50","13","10","2","틈새의 거래"
"x_occult_10","카르밀라의 야간 감시자","occult","2","행운","지워진 거래 · 카르밀라의 야간 감시자","적 HP 30% 이하 피해 +20% · 회피 +4.8%","초대받지 않은 그림자가 들어오지 못하게 한다.","일반","","50","13","10","2","틈새의 거래"
"x_occult_11","체셔의 미소 밀수꾼","occult","2","행운","지워진 거래 · 체셔의 미소 밀수꾼","흡혈 +5% · 방어 시 HP 2% 회복","사라진 몸의 미소만 거래에 남겨 둔다.","일반","","50","13","10","2","틈새의 거래"
"x_occult_12","해저 이만리의 유물잠수사","occult","2","행운","지워진 거래 · 해저 이만리의 유물잠수사","스킬 MP 소모 −1 · 피격 피해 3 반사","깊이를 잃은 바다에서 유물의 숨을 건진다.","일반","","50","13","10","2","틈새의 거래"
"x_occult_13","동물 재판의 증언 도둑","occult","3","행운","지워진 거래 · 동물 재판의 증언 도둑","정예 피해 +18% · 첫 공격 피해 +16%","누가 말할 수 있는지를 정하는 규칙을 훔친다.","일반","","50","13","10","2","틈새의 거래"
"x_occult_14","세헤라자드의 결말 협상가","occult","3","행운","지워진 거래 · 세헤라자드의 결말 협상가","일반 공격 방어 3 무시 · 보스 피해 +9.6%","죽음과 이야기의 끝을 다른 날로 미룬다.","일반","","50","13","10","2","틈새의 거래"
"x_occult_15","지옥문 앞의 길동무","occult","Hidden","행운","지워진 거래 · 지옥문 앞의 길동무","물약 회복 HP +10% · HP 40% 이하 피해 +16%","나아갈 사람의 발걸음을 대신 세어 준다.","히든","보스 3 · 비밀 발견 2 · 보급함 4 · 엔딩 1","50","13","10","2","틈새의 거래"
"x_occult_16","찢어진 장의 경계인","occult","Hidden","행운","지워진 거래 · 찢어진 장의 경계인","치명타 +10% · 적 HP 30% 이하 피해 +16%","어느 책에도 속하지 않아 모든 문턱을 지난다.","히든","보스 3 · 비밀 발견 2 · 보급함 4 · 장비 도감 150 · 엔딩 1","50","13","10","2","틈새의 거래"
"adventurer","모험가","basic","0","균형","갈림길의 지혜","회복과 집중으로 다음 선택을 준비한다.","책 밖에서 온 독자. 어떤 이야기의 문도 열 수 있다.","일반","","50","12","10","2","불씨의 일격"
"hunter","사냥꾼","ranged","0","균형","바람 읽기","첫 공격 피해 +12%.","숲의 흔적을 읽으며 생존을 배운다.","일반","","50","12","10","2","서사의 조준"
"guardian","수호자","support","0","균형","작은 방패","방어 시 HP 2% 회복.","이름 없는 여행자를 지키는 방패.","일반","","54","12","10","3","불씨의 나눔"
"whale_slayer","백경 살해자","melee","3","균형","맹세의 종결","보스 피해 +20% · 일반 공격 방어 2 무시.","에이해브의 사냥을 마침내 자신의 의지로 끝낸다.","일반","","50","12","10","2","서사의 절단"
"self_named","스스로 이름 붙인 검왕","melee","3","균형","자유의 혈맥","흡혈 +9% · 승리 시 HP 3% 회복.","창조주의 허락 없이 자신의 생명을 지킨다.","일반","","50","12","10","2","서사의 절단"
"dream_guard","라만차의 꿈 수호자","melee","3","균형","지켜낸 환상","방어 후 피해 +40% · 방어 시 HP 2% 회복.","풍차 너머에서 지킬 가치가 있는 꿈을 찾았다.","일반","","50","12","10","2","서사의 절단"
"court_witness","하트 법정의 증언기사","melee","3","균형","칼보다 먼저 목소리","적 HP 30% 이하 피해 +24% · 방어 MP +1.","여왕의 칼날을 증언의 자리로 되돌린다.","일반","","50","12","10","2","서사의 절단"
"alice_return","앨리스의 귀환 안내자","occult","2","균형","돌아갈 문","회피 +7% · 스킬 MP 소모 −1.","출구가 닫혀도 함께 돌아갈 길을 찾는다.","일반","","50","12","10","2","틈새의 거래"
"victor_heir","빅터의 속죄 봉합사","support","2","균형","책임의 봉합","승리 시 HP 6% 회복 · 피해 2 반사.","창조 뒤에 남겨진 생명의 책임을 짊어진다.","일반","","54","12","10","3","불씨의 나눔"
"quixote_squire","라만차의 맹세 종자","melee","1","균형","현실 속 기사도","방어 후 피해 +20% · 방어 MP +1.","산초와 함께 꿈과 현실의 간격을 걷는다.","일반","","50","12","10","2","서사의 절단"
"sherwood_warden","셜우드의 숲 파수장","ranged","3","균형","숲의 약속","첫 공격 +24% · 정예 피해 +16%.","빼앗긴 몫을 되찾아 숲의 사람에게 돌려준다.","일반","","50","12","10","2","서사의 조준"
"oz_restorer","오즈의 심장 복원사","support","3","균형","되찾은 심장","물약 회복 +12% · 스킬 MP 소모 −1.","마음을 구하는 것은 마법보다 오래 남는다.","일반","","54","12","10","3","불씨의 나눔"
"faust_release","파우스트의 계약 파기자","magic","3","균형","지워진 서명","스킬 지속 피해 4 · 방어 MP +1.","빚어진 운명을 자신의 문장으로 다시 쓴다.","일반","","50","16","9","2","여백의 주문"
"margin_keeper","경계의 여백 수호자","occult","3","균형","책 밖의 선택","일반 공격 방어 2 무시 · 회피 +6%.","어느 결말에도 빼앗기지 않는 여백을 지킨다.","일반","","50","12","10","2","틈새의 거래"
