"직업명","티어","주력 스탯","고유 패시브 스킬","직업 설명"
"토끼굴 문지기","1","체력","문턱의 집중 — 방어 시 MP를 1 더 회복한다.","앨리스의 길목에서 안과 밖을 구분하는 파수꾼."
"피쿼드호 갑판검사","1","힘","갑판의 보폭 — 일반 적에게 주는 피해 +20%.","흔들리는 갑판에서 균형을 배운 뱃사람."
"풍차의 결투자","1","의지","거인을 향한 일격 — 방어 후 다음 공격 피해 +35%.","작은 위협에서도 거대한 적의 형상을 읽는다."
"봉합된 검투사","1","체력","다시 잇는 살 — 승리 시 최대 HP의 8% 회복.","버려진 실험실에서 제 이름을 꿰맨 전사."
"찢긴 카드 창병","1","민첩","접힌 틈 — 기본 회피 확률 +8%.","왕정의 문양을 찢고 달아난 종이 병사."
"산초의 방패지기","1","체력","현실의 위안 — 방어 시 최대 HP의 4% 회복.","몽상가의 곁에서 살아남는 법을 익혔다."
"빈 관의 파수꾼","1","힘","문상객의 가시 — 적의 공격을 받으면 피해 3 반사.","누구도 잠들지 않은 관을 지키는 경비병."
"거울 복도의 권투사","1","민첩","첫 균열 — 전투 첫 공격 피해 +30%.","자신의 반영보다 먼저 주먹을 내지른다."
"광기에 찬 포경선 작살잡이","2","힘","백경의 표식 — 보스에게 주는 피해 +18%.","모비딕의 그림자를 모든 거대한 적에게서 본다."
"기사도를 잃은 몽상가","2","의지","꺾이지 않는 허상 — HP 40% 이하에서 공격 피해 +30%.","돈키호테의 이상을 잃었지만 돌진만은 기억한다."
"하트 법정의 참수인","2","힘","끝나지 않은 판결 — HP 30% 이하 적에게 피해 +30%.","유죄보다 먼저 내려오는 칼날을 거두려 한다."
"피조물의 자유검사","2","체력","빌린 피의 순환 — 가한 피해의 8% 흡혈.","창조주의 이름 대신 스스로의 이름으로 싸운다."
"지킬의 이중 결투자","2","민첩","두 번째 인격 — 세 번째 공격마다 피해 +40%.","절제와 폭력이 같은 칼자루를 번갈아 쥔다."
"백기사의 균형검","2","의지","결함 있는 발명 — 스킬 MP 소모 1 감소.","실패한 발명을 전장의 요령으로 바꾸었다."
"성당 지하의 사냥꾼","2","민첩","고위 괴물 추적 — 정예 적에게 주는 피해 +25%.","밤의 귀족이 남기는 흔적만을 좇는다."
"끝장을 찢는 검성","3","힘","제본 파괴 — 일반 공격이 적 방어력 4를 무시.","이미 쓰인 결말에 칼을 대는 검사."
"심연을 고정하는 닻기사","3","체력","심해 호흡 — 물약 회복량이 최대 HP의 15%만큼 증가.","바다를 잃은 세계에서 닻으로 자신을 붙든다."
"멈춘 시계의 결투왕","3","민첩","한순간의 우위 — 기본 치명타 확률 +15%.","시계가 멈춘 틈에 단 한 번 더 검을 휘두른다."
"가시 왕관의 반역자","3","의지","반역의 불씨 — 스킬 사용 시 3턴 동안 지속 피해 5 부여.","머리에 씌운 형벌을 왕좌에 되돌려 준다."
"마지막 여백의 용병왕","3","힘","기록되지 않은 전리품 — 전투 골드 보상 +25%.","책에 적히지 않은 사람들을 먹여 살리는 자."
